measurement,moment,fit_type,parameters,covariance,r2
Mass,hip_r_flx_moment,Linear,[0.11778843 0.01370339],[ 0.00103336 -0.00031891 -0.00031891  0.00010022],0.2891944114550339
Mass,hip_r_add_moment,Linear,[ 0.08444648 -0.00749602],[ 5.21880113e-04 -1.61058165e-04 -1.61058165e-04  5.06153026e-05],0.29282365620730044
Mass,hip_r_int_moment,Linear,[-0.04977513  0.049236  ],[ 0.00151174 -0.00046654 -0.00046654  0.00014662],0.04731332631014351
Mass,knee_r_flx_moment,Linear,[ 0.22245949 -0.0297753 ],[ 1.54191918e-04 -4.75853876e-05 -4.75853876e-05  1.49545278e-05],0.9067670546855144
Mass,ankle_r_flx_moment,Linear,[0.09773143 0.00767845],[ 2.32288778e-04 -7.16869711e-05 -7.16869711e-05  2.25288656e-05],0.5547687620089707
TotalLength,hip_r_flx_moment,Linear,[ 0.00045328 -0.0376195 ],[ 1.98419214e-08 -3.84561237e-06 -3.84561237e-06  7.47154986e-04],0.2566013341783969
TotalLength,hip_r_add_moment,Linear,[ 0.00035787 -0.05061471],[ 1.16478811e-08 -2.25750495e-06 -2.25750495e-06  4.38605328e-04],0.26821088701914175
TotalLength,hip_r_int_moment,Linear,[-0.00029413  0.0912443 ],[ 3.26170026e-08 -6.32158281e-06 -6.32158281e-06  1.22820546e-03],0.08123021850319256
TotalLength,knee_r_flx_moment,Linear,[ 0.00095653 -0.14650782],[ 7.13556341e-09 -1.38296138e-06 -1.38296138e-06  2.68692316e-04],0.810394887456477
TotalLength,ankle_r_flx_moment,Linear,[ 0.00043986 -0.04752621],[ 4.69169088e-09 -9.09308341e-07 -9.09308341e-07  1.76667381e-04],0.5788736988303304
RightTibiaLength,hip_r_flx_moment,Linear,[ 0.00117433 -0.00103924],[ 2.59610576e-07 -1.12952861e-05 -1.12952861e-05  4.93627477e-04],0.13865133074004377
RightTibiaLength,hip_r_add_moment,Linear,[ 0.00069367 -0.01161527],[ 1.38416770e-07 -6.02231585e-06 -6.02231585e-06  2.63187696e-04],0.0953018174980087
RightTibiaLength,hip_r_int_moment,Linear,[-0.00062044  0.06086909],[ 3.17315082e-07 -1.38059259e-05 -1.38059259e-05  6.03347610e-04],0.035457654667663596
RightTibiaLength,knee_r_flx_moment,Linear,[ 0.00303568 -0.09319978],[ 6.36209267e-08 -2.76805563e-06 -2.76805563e-06  1.20969775e-04],0.8144479226679415
RightTibiaLength,ankle_r_flx_moment,Linear,[ 0.00122293 -0.01536838],[ 6.28446388e-08 -2.73428048e-06 -2.73428048e-06  1.19493732e-04],0.418989892696196
RightFemurLength,hip_r_flx_moment,Linear,[ 0.00197949 -0.02082273],[ 1.84564276e-07 -6.60845588e-06 -6.60845588e-06  2.38164599e-04],0.3914851453713786
RightFemurLength,hip_r_add_moment,Linear,[ 0.00097533 -0.01635727],[ 1.25137255e-07 -4.48062881e-06 -4.48062881e-06  1.61479045e-04],0.1872283016247187
RightFemurLength,hip_r_int_moment,Linear,[-0.00112578  0.07418428],[ 2.92651086e-07 -1.04785812e-05 -1.04785812e-05  3.77641482e-04],0.11600931655528723
RightFemurLength,knee_r_flx_moment,Linear,[ 0.00268998 -0.05743847],[ 1.25765492e-07 -4.50312330e-06 -4.50312330e-06  1.62289733e-04],0.6355027456958703
RightFemurLength,ankle_r_flx_moment,Linear,[ 0.00126213 -0.007352  ],[ 6.05753652e-08 -2.16894422e-06 -2.16894422e-06  7.81673855e-05],0.4434830353381244
RightFootLength,hip_r_flx_moment,Linear,[ 0.00354205 -0.01382922],[ 1.48258172e-06 -2.67394205e-05 -2.67394205e-05  4.84284160e-04],0.2040974215376482
RightFootLength,hip_r_add_moment,Linear,[ 0.00233688 -0.02358209],[ 7.80100017e-07 -1.40696610e-05 -1.40696610e-05  2.54819055e-04],0.17500754530824392
RightFootLength,hip_r_int_moment,Linear,[-0.00203622  0.07059943],[ 1.90757994e-06 -3.44045664e-05 -3.44045664e-05  6.23109477e-04],0.061794402150745165
RightFootLength,knee_r_flx_moment,Linear,[ 0.00639771 -0.07650911],[ 8.78764845e-07 -1.58491516e-05 -1.58491516e-05  2.87047843e-04],0.5853103788811906
RightFootLength,ankle_r_flx_moment,Linear,[ 0.00308967 -0.01788499],[ 3.79222393e-07 -6.83954673e-06 -6.83954673e-06  1.23872697e-04],0.43272453187966986
RightWalkingSpeed,hip_r_flx_moment,Linear,[0.0023564  0.04901863],[ 0.00051421 -0.00022599 -0.00022599  0.00010186],0.0003271121945525035
RightWalkingSpeed,hip_r_add_moment,Linear,[0.0175885  0.01083517],[ 2.51734940e-04 -1.10634846e-04 -1.10634846e-04  4.98646984e-05],0.035902199773719445
RightWalkingSpeed,hip_r_int_moment,Linear,[0.02685615 0.02207183],[ 0.00053959 -0.00023714 -0.00023714  0.00010688],0.03892842515311157
RightWalkingSpeed,knee_r_flx_moment,Linear,[0.02791335 0.02661061],[ 0.00056155 -0.00024679 -0.00024679  0.00011123],0.04034952767045785
RightWalkingSpeed,ankle_r_flx_moment,Linear,[0.03009427 0.02461338],[ 1.57151471e-04 -6.90664106e-05 -6.90664106e-05  3.11292135e-05],0.1486728324940303
RightLegLength,hip_r_flx_moment,Linear,[ 0.00089594 -0.0210065 ],[ 6.16359453e-08 -4.88861095e-06 -4.88861095e-06  3.89556147e-04],0.28297262697456493
RightLegLength,hip_r_add_moment,Linear,[ 0.00047426 -0.01905035],[ 3.68197042e-08 -2.92032854e-06 -2.92032854e-06  2.32710672e-04],0.15619832183320892
RightLegLength,hip_r_int_moment,Linear,[-0.00049601  0.07321577],[ 8.63708076e-08 -6.85043883e-06 -6.85043883e-06  5.45887280e-04],0.0794600182730878
RightLegLength,knee_r_flx_moment,Linear,[ 0.00162817 -0.09025855],[ 1.74577888e-08 -1.38465205e-06 -1.38465205e-06  1.10338034e-04],0.8214745407268085
RightLegLength,ankle_r_flx_moment,Linear,[ 0.00070649 -0.01819522],[ 1.57238149e-08 -1.24712315e-06 -1.24712315e-06  9.93788418e-05],0.49029553915008117
Mass*TotalLength,hip_r_flx_moment,Linear,[0.0004015 0.026006 ],[ 1.16379954e-08 -7.02250094e-07 -7.02250094e-07  4.40561500e-05],0.3158668572483002
Mass*TotalLength,hip_r_add_moment,Linear,[0.00030463 0.00036359],[ 7.05122293e-09 -4.25479008e-07 -4.25479008e-07  2.66927272e-05],0.30493082617227374
Mass*TotalLength,hip_r_int_moment,Linear,[-0.00019722  0.04613914],[ 2.13296877e-08 -1.28705802e-06 -1.28705802e-06  8.07444845e-05],0.057304319647656476
Mass*TotalLength,knee_r_flx_moment,Linear,[ 0.00081265 -0.01015685],[ 1.97240625e-09 -1.19017274e-07 -1.19017274e-07  7.46663176e-06],0.9177676901027587
Mass*TotalLength,ankle_r_flx_moment,Linear,[0.00035712 0.0161744 ],[ 2.84938607e-09 -1.71935247e-07 -1.71935247e-07  1.07864777e-05],0.5987096934042186
Mass*RightTibiaLength,hip_r_flx_moment,Linear,[0.00155125 0.02906187],[ 2.31743885e-07 -3.13609390e-06 -3.13609390e-06  4.43696239e-05],0.2393460802162619
Mass*RightTibiaLength,hip_r_add_moment,Linear,[0.00111302 0.00350312],[ 1.17114908e-07 -1.58486750e-06 -1.58486750e-06  2.24227902e-05],0.24273231515238525
Mass*RightTibiaLength,hip_r_int_moment,Linear,[-0.00069886  0.04333214],[ 3.17742533e-07 -4.29987796e-06 -4.29987796e-06  6.08349031e-05],0.044505499245792834
Mass*RightTibiaLength,knee_r_flx_moment,Linear,[ 0.00324605 -0.00504918],[ 2.72889447e-08 -3.69289983e-07 -3.69289983e-07  5.22473447e-06],0.9212637537889519
Mass*RightTibiaLength,ankle_r_flx_moment,Linear,[0.00138505 0.01909616],[ 5.12034250e-08 -6.92914722e-07 -6.92914722e-07  9.80339450e-06],0.5316865202326202
Mass*Speed,hip_r_flx_moment,Linear,[0.1081531  0.03535606],[ 2.35415034e-03 -3.19932778e-04 -3.19932778e-04  4.56848151e-05],0.13086330143867164
Mass*Speed,hip_r_add_moment,Linear,[0.10115378 0.00481817],[ 1.06488931e-03 -1.44720152e-04 -1.44720152e-04  2.06653205e-05],0.2255083371351656
Mass*Speed,hip_r_int_moment,Linear,[-0.00093851  0.03400236],[ 2.95644296e-03 -4.01785365e-04 -4.01785365e-04  5.73729585e-05],9.02787184431375e-06
Mass*Speed,knee_r_flx_moment,Linear,[0.23256386 0.00727244],[ 1.44235236e-03 -1.96017983e-04 -1.96017983e-04  2.79903967e-05],0.5319044614607675
Mass*Speed,ankle_r_flx_moment,Linear,[0.13247517 0.0198359 ],[ 4.40238837e-04 -5.98291584e-05 -5.98291584e-05  8.54330728e-06],0.5471013034549361
