Subject,Mass,TotalLength,RightTibiaLength,RightFemurLength,RightFootLength,RightWalkingSpeed,hip_r_flx_moment,hip_r_add_moment,hip_r_int_moment,knee_r_flx_moment,ankle_r_flx_moment
BAA01,0.283300012350082,180,41,31.5,17,0.504966974258423,-0.0405058617939953,-0.0167663400704688,-0.0480059711883079,0.0307392570889692,-0.0348600568322768
BAA02,0.277099996805191,190,43.5,31.5,16.5,0.405194652080536,-0.0422215089243985,-0.00985121927400788,-0.0706817967316456,0.0304052612658615,-0.0285701963616012
BAA03,0.269800007343292,185,42.7000007629395,30.2000007629395,17.7000007629395,0.52587978541851,-0.0263375953499925,-0.0135360954444133,-0.0444744342904458,-0.0321059204402592,-0.0296952003184596
BAA04,0.274899989366531,190,42,34,17.5,0.434213717778524,-0.044520586252259,-0.0250709563371276,-0.0447496064104464,-0.0299297390536791,-0.0305037303241534
BAA05,0.284500002861023,185,40,35,18.5,0.535874585310618,-0.0496703357633027,-0.0284155658617893,-0.0416155559673805,-0.0302554694893781,-0.0388580981431152
BAA06,0.310900002717972,190,42,38,19,0.362163220842679,-0.053695401686356,-0.0146288812762163,-0.0485314031672962,0.0354217562707419,-0.0373230793872068
BAA07,0.294299989938736,0,44,36,18.5,0.438698247075081,-0.0561760690140393,-0.0171001123068588,-0.0322045112291264,0.040965433949916,-0.0410203892220796
BAA08,0.306499987840652,185,43,37.5,18,0.372428293029467,-0.061215947385677,-0.0116673439043397,-0.0268217561645394,0.0352153397913339,-0.0377217300326803
BAA09,0.296099990606308,0,43.5,32.5,17,0.452994629740715,-0.0289276526634584,-0.0105740719059863,-0.030282888004165,0.0382802268719891,-0.0328048659630115
BAA10,0.261099994182587,180,40,35,17.7999992370605,0.303918691972892,-0.0403389047088622,-0.0178445622131832,-0.0240443656726365,0.0270032409262673,-0.0291176089950594
BAA11,0.263000011444092,190,41.5,35.5,17.5,0.390618478258451,-0.0464970332827245,-0.0246754341039242,-0.0332761425678557,0.0281365223627154,-0.0329473217587069
BAA12,0.305200010538101,195,44,38,17.5,0.400490229328473,-0.0469958158408064,-0.018541178448283,-0.0249533215654768,-0.0400710447699392,-0.0325786996861679
BAA13,0.303999990224838,190,42,36,18,0.460639521479607,-0.0577371700393849,-0.0235669057709588,-0.0301323815919718,-0.0364702021245695,-0.0389530784410939
BAA14,0.305000007152557,190,43,34,17,0.437704458832741,-0.0517826270209276,-0.0193097889874058,-0.0292067697910783,-0.0374760051721925,-0.0354901184301493
BAA15,0.297199994325638,190,43,35,17.5,0.452542106310527,-0.0481189921993985,-0.0178726545976801,-0.0355554960236674,0.0352976010821381,-0.03646485603333
BAA16,0.326299995183945,195,43,35.5,18,0.493807385365168,-0.0684581542202655,-0.0242778658224593,-0.0388735616121633,0.0435378303071129,-0.0439655478127129
BAA17,0.310999989509583,0,41.5,37,17,0.485713933904966,-0.0593471084860574,-0.0222456811774082,-0.0275030037748015,-0.0373505928540938,-0.0434054343248989
BAA18,0.348399996757507,195,42,37,17,0.434160177906354,-0.053840140517728,-0.0317099696693626,-0.039208627345587,0.0474134266034654,-0.0373969223008908
BAA19,0.314999997615814,195,41,33.5,17,0.436795751253764,-0.0492534883037072,-0.0182223405589583,-0.0326577631125354,0.0385654368109724,-0.0390630917931956
BAA20,0.330399990081787,200,46.5,37,18,0.540168101588885,-0.0582675949738524,-0.0185407259547548,-0.0287849814079703,0.0521123079706069,-0.0474667876437038
BAA21,0.304899990558624,195,44,35,18.5,0.433467398087184,-0.0530105160405162,-0.0172407652627868,-0.0215251849873613,-0.0368125147789058,-0.0408438499144172
BAA22,0.291000008583069,190,45,37,18,0.498650327324867,-0.0472710924713742,-0.011194857983683,-0.0320648855929454,0.0399609251799293,-0.0417569744191233
BAA23,0.297699987888336,190,44.5,36.5,18,0.384801814953486,-0.0470348153258698,-0.00975637957439097,-0.035631083538906,0.0391351837154168,-0.0339404615105955
BAA24,0.3057000041008,195,41.5,34,17.25,0.456575339039167,-0.037734717130611,-0.0155594622226136,-0.0266060390641007,0.0364827349651516,-0.0336687447888527
BAA25,0.311800003051758,197,43.5,35,17.7999992370605,0.478155856331189,-0.0478478317742329,-0.0121374634705516,-0.0336847114919911,0.03427541709636,-0.0397271896314509
BAA26,0.287999987602234,195,43,34.5,18,0.509640857577324,-0.0443581464601459,-0.018462814485083,-0.0329792433258556,-0.0362696771164367,-0.039462285211558
BAA27,0.277599990367889,193,41,33.5,17.5,0.385665943225225,-0.0634982429977456,-0.0181136110647167,-0.0247465081628425,0.0323280095961515,-0.040566201986341
BAA28,0.296000003814697,193,43.5,34.5,18,0.367140839497248,-0.0472123726793428,-0.0150346040550485,-0.02502860039879,-0.0363908805430421,-0.0345482552230044
BAA29,0.284000009298325,190,42,37,18,0.555981330573559,-0.0499942513036963,-0.00925539128168219,-0.0452667303595295,0.0371360827301365,-0.0362173220198653
BAA30,0.272799998521805,195,42,33.5,17.5,0.439385697245598,-0.0450866878400428,-0.0231495643582057,-0.0280013599969951,0.0322832579631105,-0.038295553569425
BAA31,0.308699995279312,190,44,37.5,18.5,0.342104395230611,-0.0514696027184025,-0.0157521173171846,-0.0318534396810231,-0.0405648704989542,-0.0352600989425345
BAA32,0.307000011205673,193,44,36.5,18,0.278559282422066,-0.049851372731301,-0.0100017925954289,-0.0306498066201055,-0.0345187776298216,-0.0347321860318069
Old01,0.416900008916855,220,51.2999992370606,43,22,0.540031325817108,-0.0584868849267754,-0.0248652693922925,-0.0232643128811016,-0.0612082618594341,-0.0480562228877253
Old02,0.436199992895126,220,52.2999992370606,42,21,0.522772789001465,-0.0680109271714803,-0.0357875583841562,-0.0368162925800023,-0.0720126160982422,-0.0528377990688244
Old03,0.439099997282028,221,52,44,21.2000007629395,0.320223897695541,-0.0571230738890778,-0.0290500771742446,-0.0259361914646909,-0.0646064965164937,-0.0462621462762819
